Cluster,total_purchases,avg_cart_value,total_time_spent,product_click,discount_counts
0,10.175384615384615,147.32716923076924,40.28436923076923,19.895384615384614,1.9723076923076923
1,4.862804878048781,49.029847560975604,90.1147256097561,49.71646341463415,1.0304878048780488
2,19.711656441717793,30.399509202453988,17.45398773006135,14.94478527607362,9.938650306748466
