,PC1,PC2,PC3,PC4,PC5
total_purchases,-0.9128486660397648,-0.11979340319103848,0.3628378975576634,0.14122179328018408,0.04224231939086049
avg_cart_value,0.17284790497136832,0.9619843663940877,-0.03157464379535422,0.1961835561372143,0.07903941813078148
total_time_spent,0.9135506383895602,-0.25421218050719546,0.0656156999864562,0.2434726658460541,-0.19554931390427416
product_click,0.8695978721953499,-0.4096349197775958,0.03486464274464577,0.07148434674647984,0.26588665426486985
discount_counts,-0.8576217524735309,-0.36475651748838467,-0.28732039192934944,0.22105670203663141,0.032265064508755194
